Date,Tweets,ID,Source,Likes,RTs,Length
2018-10-05 18:19:10,@peungzwb Sorry we're unable to confirm this! Please stay tuned and keep checking back on the website.,1048276426850324480,Lithium Tech.,0,0,102
2018-10-05 18:17:16,"@Seraknits Yes, this is still a benefit for Rouge clients! We recommend contacting your local store directly for as‚Ä¶ https://t.co/M2cq86bMSf",1048275945411424256,Lithium Tech.,1,0,140
2018-10-05 18:04:42,@Seraknits No need to tip for makeover services in our stores!,1048272782902013952,Lithium Tech.,0,0,62
2018-10-05 17:46:20,@breannamlane @megan_snavely Looks like even spiders want to get glam!,1048268163824017409,Twitter Web Client,0,0,70
2018-10-05 17:43:55,@Mariafbabyy ‚ù§Ô∏è‚ù§Ô∏è‚ù§Ô∏è,1048267553716326400,Twitter Web Client,0,0,19
2018-10-05 17:41:25,Leave an üçé below if you had a teacher who still inspires you even after you left the classroom ü§ó #WorldTeachersDay,1048266924184883200,Twitter Web Client,73,9,114
2018-10-05 17:25:17,"@Mariafbabyy Go Sleepy Maria! And honestly, we've been getting tweets like this periodically. Does this mean we're‚Ä¶ https://t.co/787ZOtrthT",1048262864450936832,Twitter Web Client,1,0,139
2018-10-05 17:14:37,@seaalightt @fentybeauty Fabulous.,1048260182550052865,Twitter Web Client,0,0,34
2018-10-05 17:14:12,@CamilleWFelton @fentybeauty Now that is a mood.,1048260076442607616,Twitter Web Client,0,1,48
2018-10-05 17:10:30,@CandyHeartsBand Hi there! We are so sorry to hear this. Please send us a DM with your registered email address so‚Ä¶ https://t.co/YyFUsiasou,1048259146858909697,Lithium Tech.,0,0,139
2018-10-05 16:54:30,"@sunshinesolidad Hi there! At this time, you cannot use a JCPenney gift card on our website or app. We apologize for any inconvenience.",1048255120230604800,Lithium Tech.,1,0,135
2018-10-05 16:39:25,"Discover your skin type and get tips from the comfort of your @Google Home ‚ú® Just say, ‚ÄúHey Google, talk to Sephora‚Ä¶ https://t.co/Ctq2vXXLyD",1048251320598028291,Twitter Web Client,39,2,140
2018-10-05 16:26:25,@genuineangell Please DM us with your order number. https://t.co/nnX84ITi85,1048248050966089728,Lithium Tech.,0,0,75
2018-10-05 16:24:23,@genuineangell Oh no! Was this purchased online or in store?,1048247540481552384,Lithium Tech.,0,0,60
2018-10-05 16:23:21,"@nicadrigiz With our processing time, it can take up to 4 business days. If it is taking longer than that, please D‚Ä¶ https://t.co/xsCtUcRvIc",1048247280627642368,Lithium Tech.,0,0,140
2018-10-05 16:16:52,@redheadgrl04 @nordstromrack @dsw_us @journeys @cvspharmacy @ultabeauty @DICKS We feel you! Just think of how nice‚Ä¶ https://t.co/eePBqmdS0B,1048245649316012032,Twitter Web Client,1,0,139
2018-10-05 16:15:35,@kendrickshope Thank you so much! We're so happy you're loving Virtual Artist.,1048245325029240832,Twitter Web Client,1,0,78
2018-10-05 16:15:33,@DietCokeDinos We're sorry for the inconvenience! We recommend using your browser to translate the site.,1048245314535055360,Lithium Tech.,0,0,104
2018-10-05 15:13:19,@mnmcliff We're sorry to hear that! Please DM us with your email address. https://t.co/nnX84ITi85,1048229656351014914,Lithium Tech.,0,0,97
2018-10-05 15:05:00,"@kellthegal Oh no! Please DM us with your order number, so we can look into this for you. https://t.co/nnX84ITi85",1048227562797715456,Lithium Tech.,0,0,113
2018-10-05 15:04:36,"@quenofilter We're sorry to hear that! Please DM us with your order number, so we can look into this. https://t.co/nnX84ITi85",1048227459244613632,Lithium Tech.,0,0,125
2018-10-05 13:11:08,"@MsBlueLipstick Yes, these are available in limited quantities!",1048198904288665600,Lithium Tech.,0,0,63
2018-10-05 04:08:28,@bad_elyn so that we can help you.  You can also pick up your birthday gift at any Sephora store during the same time frame.,1048062340761964544,Lithium Tech.,1,0,124
2018-10-05 04:08:24,@bad_elyn Happy Birthday! You will be prompted to include the birthday gift during checkout with any online order p‚Ä¶ https://t.co/meM90hxofd,1048062324043538433,Lithium Tech.,1,0,140
2018-10-05 03:49:52,@rockylamb_ We do not have a restock date available. We are very sorry for the inconvenience caused. Please check back.,1048057657808977921,Lithium Tech.,0,0,119
2018-10-05 03:38:39,@rockylamb_ We're sorry about that! The email is sent to everyone who signed up for an email notification and the p‚Ä¶ https://t.co/Uccycq9tWi,1048054834497089536,Lithium Tech.,1,0,140
2018-10-05 02:44:26,@DAEGUSYOONGl Hi there! We invite you to send us a DM with your order number and details of the issue so we may tak‚Ä¶ https://t.co/NBbiWxaCpc,1048041190799470592,Lithium Tech.,0,0,140
2018-10-05 02:43:26,@Naturelle_D Hi! Please try clicking Beauty Insider &gt; Profile &gt; Edit Profile &gt; ColorIQ. If you already saved your C‚Ä¶ https://t.co/HrYtEnUKYp,1048040940038807552,Lithium Tech.,0,0,149
2018-10-05 01:47:29,"@MsBlueLipstick Hi there! The 2,500 point Rouge Reward is available for Rouge clients in Canada and the US. Please‚Ä¶ https://t.co/G1PQlcdYU2",1048026860641169408,Lithium Tech.,0,0,139
2018-10-05 01:33:44,@Jay_Iziah Oh no! We suggest calling  the store directly for assistance with receiving a refund or exchange. Regret‚Ä¶ https://t.co/OLCletuks4,1048023400289980416,Lithium Tech.,0,0,140
2018-10-05 00:43:15,"@yami26161 We are very sorry to hear this. Please send a DM with more details, the location of the store and your b‚Ä¶ https://t.co/XkPkMKOKNY",1048010696368123905,Lithium Tech.,0,0,140
2018-10-05 00:29:36,"@finestluca Please let us know which Sephora site you are trying to place your order on, thank you. If you need ass‚Ä¶ https://t.co/ZQmttCxYKh",1048007258871750656,Lithium Tech.,0,0,140
2018-10-05 00:05:16,"@lauradelondres Oh no! Please send us a DM with your order number, thank you.",1048001137750695938,Lithium Tech.,1,0,77
2018-10-04 23:34:37,@_floridakilos__ We recommend contacting https://t.co/gaXus5WsAv for further assistance with employment inquiries. Thank you.,1047993421686689792,Lithium Tech.,0,1,125
2018-10-04 23:11:05,@_KarinaElisa Oh no! Please DM us with your order number so that we can best assist. https://t.co/nnX84ITi85,1047987499014864896,Lithium Tech.,0,0,108
2018-10-04 22:28:08,"@iamauntiesybil Hi there, We are so sorry to see that your palette arrived in this condition. Please send us a DM w‚Ä¶ https://t.co/mwpN6BZpqH",1047976692130623488,Lithium Tech.,0,0,140
2018-10-04 22:14:54,"@talonjamesmua Hi there, we are so sorry to hear this! Please send us a DM with the date and time and details of yo‚Ä¶ https://t.co/HyuGCHmQjy",1047973360804589569,Lithium Tech.,2,0,140
2018-10-04 21:57:05,üíéMeet the new crown jewels in your @HUDABEAUTY Obsessions Eyeshadow Palette collection üíé These five gemstone-inspir‚Ä¶ https://t.co/WID0t3KEh2,1047968876812632064,Twitter Web Client,238,26,140
2018-10-04 21:47:53,"@BeautyHapless Hi there, we will keep clients posted on any plans for expansion and we will share your feedback wit‚Ä¶ https://t.co/L2bmPsyRlU",1047966564262141952,Lithium Tech.,1,0,140
2018-10-04 21:46:59,"@rebellioussmile Hi there, we're so sorry to hear about your store experience and we value your feedback. Please sh‚Ä¶ https://t.co/6NA0AdxJWq",1047966335295082496,Lithium Tech.,0,0,140
2018-10-04 21:04:52,"@JosieGouveia Hi! Please use the ""Find in Store"" tool on the product page or contact your local Sephora store(s) di‚Ä¶ https://t.co/xIabcrN1ej",1047955738969038848,Lithium Tech.,0,0,140
2018-10-04 21:03:53,@lyv_corb Hi there! Please send us a DM with your order number so we may take a look further. Thank you!,1047955489538039808,Lithium Tech.,0,0,104
2018-10-04 20:57:44,@_CWestlake_ We do not have a restock date available at this time.,1047953940090744832,Lithium Tech.,0,0,66
2018-10-04 20:45:28,@Jay_Iziah Oh no!  We recommend contacting your local Sephora store for help with a return or exchange.,1047950856954343424,Lithium Tech.,0,0,103
2018-10-04 20:09:10,üëΩüõ∏ https://t.co/pbPT6bHuby,1047941719348535296,Twitter Web Client,121,7,26
2018-10-04 19:52:00,@AL_Progressive We‚Äôre sorry to hear about your store experience! Please send us the details of your visit here: https://t.co/l9kF8MV2Gc.,1047937401308377088,Lithium Tech.,0,0,136
2018-10-04 19:46:59,"@_CWestlake_ We apologize, as the Olehenriksen Counter Balance Mattifing Moisture Creme is not available on https://t.co/ZJ9F6UwII1.",1047936136008482816,Lithium Tech.,0,0,132
2018-10-04 19:38:25,@its_me_agx Hi there! Please stayed tuned as Sephora retail stores are opening all over the world!,1047933983466479616,Lithium Tech.,1,0,98
2018-10-04 18:32:22,@katie_kilfoil Please DM us your order number so we can look into this for you! https://t.co/nnX84ITi85,1047917360227598336,Lithium Tech.,0,0,103
2018-10-04 17:53:20,@SaulnierChantal What's catching your eye the most?,1047907537813561346,Twitter Web Client,0,0,51
2018-10-04 17:49:40,@LalaLovely20 Oh no! Please DM us your order number and a photo of the damaged palette so we can look into this for‚Ä¶ https://t.co/jfRiaYN4yy,1047906612252270593,Lithium Tech.,0,0,140
2018-10-04 16:56:29,@CurlsFoTheGirls @kensthetic_ So glad you were able to redeem it!,1047893229905969153,Twitter Web Client,2,0,65
2018-10-04 16:52:02,"@LilyGirl0721 @fentybeauty @HarveyNichols Well, if you have a Sephora account on our site it'd be pretty easy, just saying...",1047892108479098885,Twitter Web Client,4,0,125
2018-10-04 16:42:29,@CharysseJ @fentybeauty @HarveyNichols üòç,1047889707307216896,Twitter Web Client,3,0,40
2018-10-04 16:39:24,"@CharysseJ @fentybeauty @HarveyNichols Please don't block us, we can't help that Fenty is the bomb. ‚ù§Ô∏è",1047888930320740355,Twitter Web Client,13,1,102
2018-10-04 16:33:16,@nctsdoorknob Oh no! We recommend contacting https://t.co/B97M5u8yYn for direct assistance. Thank you.,1047887387823501312,Lithium Tech.,0,0,102
2018-10-04 16:30:27,"@unholykelly For more information on employment opportunities with Sephora retail or https://t.co/ZJ9F6UwII1, pleas‚Ä¶ https://t.co/spu1zpdLmy",1047886680122740736,Lithium Tech.,1,0,140
2018-10-04 16:18:36,@B_BoyMalfoy Oh no! We're sorry to hear this!  Please send us a DM with your registered email address or order numb‚Ä¶ https://t.co/Z7hRiBazUx,1047883697251209216,Lithium Tech.,1,0,140
2018-10-04 15:55:21,@absolut_em Complimentary makeovers are still available for Rouge clients.,1047877845366661120,Lithium Tech.,0,0,74
2018-10-04 15:36:40,@TwickerSnixXx We‚Äôre sorry to hear about your store experience! Please send us the details of your visit here: https://t.co/l9kF8MV2Gc.,1047873141635043328,Lithium Tech.,0,0,135
2018-10-04 15:20:06,@Saralinamisa_C You can contact Sephora France directly here&gt; https://t.co/HOAYkNZBY8,1047868973293817857,Lithium Tech.,0,1,88
2018-10-04 14:10:48,@lyssagabby It should be available again online in 1-2 weeks. Please make sure to sign up for email notification!,1047851532383707137,Lithium Tech.,1,0,113
2018-10-04 14:00:37,"@RBrooke21 Oh no! Please DM us with your order number, so we can assist you further. https://t.co/nnX84ITi85",1047848969634701312,Lithium Tech.,0,0,108
2018-10-04 13:58:50,"@MissLEB_NZ Due to recently enacted data privacy regulations, Sephora clients in the UK and Netherlands will now be‚Ä¶ https://t.co/DqJhLyggDv",1047848521670381568,Lithium Tech.,0,0,140
2018-10-04 13:57:00,@knjhughes86 We appreciate your interest in Sephora and hope to have a Sephora store near you someday soon! Sephora‚Ä¶ https://t.co/giMHoEycfO,1047848059202228224,Lithium Tech.,1,0,140
2018-10-04 13:50:51,"@astridparamita Due to recently enacted data privacy regulations, Sephora clients in Germany will now be directed t‚Ä¶ https://t.co/szp58a9uZv",1047846515211792384,Lithium Tech.,0,0,140
2018-10-04 13:45:09,@YourArtSenpai We're sorry to hear that! Please DM us with your order number so we look into this for you. https://t.co/nnX84ITi85,1047845077651881984,Lithium Tech.,1,0,130
2018-10-04 13:31:09,@PeriniMima We appreciate your interest in Sephora and hope to have a Sephora store near you someday soon! Sephora‚Ä¶ https://t.co/NpfEbSAE2U,1047841554885308417,Lithium Tech.,1,0,139
2018-10-04 13:28:22,@Gabbie87a7x We‚Äôre sorry to hear about your store experience! Please send us the details of your visit here: https://t.co/l9kF8MV2Gc.,1047840854621138946,Lithium Tech.,0,0,133
2018-10-04 04:18:39,@danidarling06 Oh no! We will share your feedback with the Distribution Center. Thank you!,1047702515628687360,Lithium Tech.,0,0,90
2018-10-04 04:10:34,@MicheBrew Oh no! Please DM us with your order number so we can look into this for you. https://t.co/nnX84ITi85,1047700481110200321,Lithium Tech.,0,0,111
2018-10-04 02:42:32,@Pico7674 Sorry to hear that! To send a formal store complaint please visit the site here &gt; https://t.co/6Xca4JE6gW. Thanks!,1047678327283113984,Lithium Tech.,0,0,127
2018-10-04 02:36:32,@Zeezer Please DM us with your order number so that we can best assist you. Thanks! https://t.co/nnX84ITi85,1047676816868040704,Lithium Tech.,0,0,107
2018-10-04 02:29:40,@corabarclay182 Thank you for your feedback! Please DM us if you need further assistance with anything.,1047675089955606529,Lithium Tech.,0,0,103
2018-10-04 02:29:11,@Zeezer Oh no! Sorry to hear about this. We recommend ceasing the use of this product and contacting your physician‚Ä¶ https://t.co/oy6L7cHBq3,1047674965187645440,Lithium Tech.,0,0,140
2018-10-04 02:27:49,@nylauren33 You are welcome to pick this up in store with no purchase necessary!,1047674623473549317,Lithium Tech.,0,0,80
2018-10-04 02:27:20,@andreabrownm Oh no! Please DM us with your order number so we can look into this for you. Thanks! https://t.co/nnX84ITi85,1047674500030988288,Lithium Tech.,0,0,122
2018-10-04 02:26:48,@jristen Please DM us with details so we can look into this for you. Thanks!,1047674364919930880,Lithium Tech.,0,0,76
2018-10-04 01:19:16,@ShevonAshley Stay tuned on the site here for new Fenty products &gt; https://t.co/DV5U1E8mQQ. Thanks!,1047657370413817856,Lithium Tech.,0,0,102
2018-10-04 01:18:20,@NafisaAli Please stay tuned via email for information regarding promotions. Thanks!,1047657136296083456,Lithium Tech.,1,0,84
2018-10-04 00:07:45,@juli_alvarez13 We're very sorry to hear this! Please send a DM with your recent order number so that we can furthe‚Ä¶ https://t.co/sEdf0YiC8E,1047639373397745665,Lithium Tech.,0,0,140
2018-10-03 23:53:49,"Roses are red üåπ
Violets are blue üíô
@FreshBeauty Sugar is sweet üç¨ 
Plus it exfoliates and hydrates lips too üëÑ¬†‚Ä¶ https://t.co/cQrQyce9GG",1047635866481348608,Twitter Web Client,249,33,134
2018-10-03 23:34:37,@mellyb1979 Oh no! Please send a DM with your order number so that we can look into this for you. Thanks!,1047631034471219201,Lithium Tech.,0,0,105
2018-10-03 23:15:48,@iamfabellis @fentybeauty Swatch parties are our fave kind of parties!,1047626298141466624,Twitter Web Client,1,1,70
2018-10-03 21:57:06,"@Tiffanygreysen Please DM us with the location and any other details, so we can look into this. Thank you! https://t.co/nnX84ITi85",1047606496031199232,Lithium Tech.,1,0,130
2018-10-03 21:48:39,üçÇ‚ú®‚ù§Ô∏è https://t.co/vf980Me5JY,1047604366260101120,Twitter Web Client,363,28,28
2018-10-03 20:55:04,"If we could translate these exclusive holiday sets into emojis, it would be: ‚Äúü§© üÜï üéÅ ‚ú®ü•Ç ‚ùÑ ü§© üÜï üéÅ ‚ú® ü•Ç ‚ùÑ ü§© üÜï üéÅ‚ú® ü•Ç ‚ùÑ‚Äù‚Ä¶ https://t.co/zsb7Fz2PGP",1047590883741204481,Twitter Web Client,99,5,137
2018-10-03 20:28:13,@JessMar506 Oh no! Please DM us your order number so we can help.,1047584127300452352,Lithium Tech.,0,0,65
2018-10-03 20:23:01,@Lacey8306JC Please visit this site for more information: https://t.co/K04PHnmE4z,1047582818782474240,Lithium Tech.,1,0,81
2018-10-03 20:22:48,@Lacey8306JC Our Clean at Sephora program includes brands and products that are formulated without sulfates SLS and‚Ä¶ https://t.co/AO17YDwmN7,1047582763648335872,Lithium Tech.,1,0,140
2018-10-03 20:18:49,@belseykenson Oh no! Please DM us your order number so we can help. https://t.co/nnX84ITi85,1047581759762624513,Lithium Tech.,0,0,91
2018-10-03 20:10:17,@SierraSummers This should be available on the site again soon! We recommend signing up for an email in-stock notif‚Ä¶ https://t.co/0rQeSQYeWY,1047579611398168576,Lithium Tech.,0,0,140
2018-10-03 19:37:12,"@sugewh1te Hi there! We sincerely appreciate your feedback regarding the Rewards Bazaar, and we will share your fee‚Ä¶ https://t.co/ANcEj99F8I",1047571287395074048,Lithium Tech.,0,0,140
2018-10-03 19:35:56,@lb0222 Hi there! We invite you to send us a DM with your order number(s) so we may take a look further. Thanks!,1047570966971219968,Lithium Tech.,1,0,112
2018-10-03 19:35:19,"@Lacey8306JC Hi there, @pinrose has posted a response to recent inquiries about the kit here. &gt; https://t.co/ZuxHhywkJC",1047570815200387072,Lithium Tech.,0,1,122
2018-10-03 19:34:28,How many shades of üíÑ do we need? The limit does not exist. #MeanGirlsDay #October3,1047570599386595328,Twitter Web Client,610,162,82
2018-10-03 19:34:25,"@LKNY Hi there, we're sorry to hear this! Please send us a DM with your registered email address so we may take a look further. Thank you!",1047570586073853953,Lithium Tech.,0,0,138
2018-10-03 19:22:07,@_nicolemariek Many models were rocking blue eyeshadow on quite a few of the runways for the various S/S 19 Fashion‚Ä¶ https://t.co/snFV6Z2h0b,1047567489612148736,Twitter Web Client,0,0,140
2018-10-03 19:18:38,@AshUnabashed ‚ù§Ô∏è‚ù§Ô∏è‚ù§Ô∏è,1047566616882372608,Twitter Web Client,1,0,20
2018-10-03 19:18:01,@sugewh1te Hi there! Our Rewards Bazaar updates on Tuesdays and Thursdays around 9 a.m. PST. Thank you!,1047566459323314176,Lithium Tech.,0,0,103
2018-10-03 18:35:17,"@jai_me0219 Hi, we're so glad to hear this. send us a direct message with the store location, date of visit and nam‚Ä¶ https://t.co/dflpi7TP3Y",1047555705408897024,Lithium Tech.,0,0,140
2018-10-03 18:17:42,"@enfynyty Hi, we're so sorry to hear this. Please clear your cookies and caches before attempting to access your Lo‚Ä¶ https://t.co/i8ZzshvoHn",1047551279084400640,Lithium Tech.,0,0,140
2018-10-03 18:05:58,"@Gabriela_tre Hi, if samples are out of stock, substitutions will be made. If you received an empty sample, please‚Ä¶ https://t.co/D65gB166Tf",1047548327410065408,Lithium Tech.,0,0,139
2018-10-03 16:59:33,@alexismadams @ABHcosmetics @MorpheBrushes @AlamarCosmetics @KissProducts @OFRACosmetics @catrice @CATRICE_DE‚Ä¶ https://t.co/W5X8X3ipBN,1047531612676603904,Twitter Web Client,1,0,134
2018-10-03 16:59:15,@Mee_shel_ @NyxCosmetics @KATVONDbeauty @MakeupForWOC Loving this!!,1047531537455968256,Twitter Web Client,3,1,67
2018-10-03 16:58:16,@smossymossmoss Which colors are you crushing on?,1047531290390478848,Twitter Web Client,1,0,49
2018-10-03 16:57:52,@thesexeguru Great optional add on! It's certainly been having quite the moment. ‚ú®,1047531190280839168,Twitter Web Client,1,0,82
2018-10-03 16:10:54,"@iammarcdaniel Thank you for confirming! We have re-submitted your store complaint, and someone should be reaching‚Ä¶ https://t.co/5RhoVhcmhR",1047519370593722369,Lithium Tech.,1,0,139
2018-10-03 15:10:38,"@CiCiLynn92 Yes, that should be fine! We recommend contacting your local store directly for more information.",1047504202384035840,Lithium Tech.,0,0,109
2018-10-03 15:09:51,"@noelthe_great Sorry, we're currently unable to confirm this! We recommend contacting your local Sephora for more i‚Ä¶ https://t.co/jygLEoHoMD",1047504005532856326,Lithium Tech.,0,0,140
2018-10-03 15:04:45,@KelsiClarke Sorry about that! We will be sure to forward your app feedback along to the appropriate contacts.,1047502722222587904,Lithium Tech.,0,0,110
2018-10-03 14:43:09,"@laurrrx91 Please DM us with your question, so we can assist you further. https://t.co/nnX84ITi85",1047497286794719232,Lithium Tech.,0,0,97
2018-10-03 14:33:26,@darbashurr It is currently available for VIB and Rouge clients!,1047494843709108229,Lithium Tech.,0,0,64
2018-10-03 14:22:48,"@colorlessunrlse Due to recently enacted data privacy regulations, Sephora clients in the UK and Netherlands will n‚Ä¶ https://t.co/DSrtbd6g4g",1047492165025165313,Lithium Tech.,0,0,140
2018-10-03 14:21:47,@nalamajola We appreciate your interest in Sephora and hope to have a Sephora store near you someday soon! Sephora‚Ä¶ https://t.co/bTiogO7LLn,1047491908774154241,Lithium Tech.,1,0,139
2018-10-03 14:21:00,@ytumadrehuebon We recommend contacting Sephora France directly for assistance&gt; https://t.co/gOgO5mDpmj,1047491712703127552,Lithium Tech.,1,0,106
2018-10-03 14:18:32,@nathanemanenga We recommend contacting Sephora France directly for assistance&gt; https://t.co/gOgO5mDpmj,1047491093070143488,Lithium Tech.,0,0,106
2018-10-03 14:17:05,@KelsiClarke This issue should now be fixed. Please try closing out and restarting the app and let us know if you a‚Ä¶ https://t.co/fkGoItUVwx,1047490728442523648,Lithium Tech.,0,0,140
2018-10-03 14:16:38,@Blondie951 This issue should now be resolved. Please try closing out and restarting the app and let us know if you‚Ä¶ https://t.co/FdyqtDbR4H,1047490615045279745,Lithium Tech.,0,0,140
2018-10-03 14:15:24,@KatieJaneLouise This issue should now be fixed. Please try closing out and restarting the app and let us know if y‚Ä¶ https://t.co/e6Xd3hJlOz,1047490303844741120,Lithium Tech.,0,0,140
2018-10-03 14:13:32,"@beth_tweets Please DM us with your order number, so we can look into this for you. https://t.co/nnX84ITi85",1047489834791579648,Lithium Tech.,0,0,107
2018-10-03 14:02:58,@NoireTropicalB Sorry! This issue should now be resolved. Please try closing the app out completely and restarting‚Ä¶ https://t.co/FJqJyjCal7,1047487176571678720,Lithium Tech.,0,0,139
2018-10-03 13:48:09,@LadyDubs25 This issue should now be resolved. Please try closing out the app completely and restarting and let us‚Ä¶ https://t.co/Xx4Fsj0xdU,1047483446098976769,Lithium Tech.,1,0,139
2018-10-03 13:47:38,@JuliaAnne95 This issue should now be resolved. Please try closing out the app completely and restarting and let us‚Ä¶ https://t.co/Cz4nQNCmtB,1047483317614833664,Lithium Tech.,0,0,140
2018-10-03 13:47:15,@its_Tainia_11 This issue should now be resolved. Please try closing out the app completely and restarting and let‚Ä¶ https://t.co/9Ae139k9uw,1047483217618456579,Lithium Tech.,0,0,139
2018-10-03 13:46:49,@_IsisMae4 This issue should now be resolved. Please try closing out the app completely and restarting and let us k‚Ä¶ https://t.co/HdEyPkE5Z7,1047483111636791298,Lithium Tech.,1,0,140
2018-10-03 13:46:34,@roseallday91 This issue should now be resolved. Please try closing out the app completely and restarting and let u‚Ä¶ https://t.co/lF4Q17T7sR,1047483046939648000,Lithium Tech.,0,0,140
2018-10-03 13:42:56,@beauteebytracee Oh no! Please try closing the app out completely and restarting.,1047482131306274817,Lithium Tech.,0,0,81
2018-10-03 13:42:29,@BitchReflecting We're sorry to hear that! Please try closing the app out completely and restarting.,1047482020832497665,Lithium Tech.,0,0,100
2018-10-03 13:41:05,@KeLLyCaKe We're sorry to see that! Please try closing the app out completely and restarting.,1047481667596644353,Lithium Tech.,0,0,93
2018-10-03 02:45:01,@jillianro20 Please send a DM with your best contact information and the name of the store location so that we can‚Ä¶ https://t.co/dF570rdkpk,1047316563387248642,Lithium Tech.,1,0,139
2018-10-03 02:40:58,@jillianro20 We're sorry for the delayed response. Was this item purchased online or in the store?,1047315545077346304,Lithium Tech.,0,0,98
2018-10-03 02:06:28,@ourferocity We're sorry about that! Please send a DM with your order number so that we can further assist you with this. Thanks!,1047306862989697024,Lithium Tech.,0,0,129
2018-10-03 02:00:21,@SydneyB33327238 We will share your feedback regarding this. Thanks!,1047305324015702016,Lithium Tech.,0,0,68
2018-10-03 01:52:49,"@veganrotihead Typically, we are not able to modify or cancel orders once placed.",1047303425149427713,Lithium Tech.,0,0,81
2018-10-03 01:51:30,@bookmagnet Thank you for providing your feedback! Let us know if you need further assistance. https://t.co/nnX84ITi85,1047303095430995968,Lithium Tech.,1,0,118
2018-10-03 00:13:12,@karendear We can help with that! Please send us a DM with your Beauty Insider card number/email and your phone num‚Ä¶ https://t.co/023ZsxS5yd,1047278355324649477,Lithium Tech.,0,0,140
2018-10-02 23:45:49,"@laura_etc We do not have plans, at this time, but we will be sure to forward your feedback!",1047271465693851648,Lithium Tech.,0,0,92
2018-10-02 23:44:24,"@CambieArt At this time, we do not have a cruelty free-only option, but we will definitely forward your feedback to the team!",1047271108259414016,Lithium Tech.,0,0,125
2018-10-02 23:42:56,"@kawaiistringdtd While we currently do not have plans to bring it to Sephora Australia, we'd be happy to forward your feedback!",1047270739068432384,Lithium Tech.,0,0,127
2018-10-02 23:27:06,"Yes way, Jouer ü§©
Meet @JouerCosmetics‚Äô new Essential High Coverage Liquid Concealer üëãüèΩüëãüèøüëãüèªüëãüèæ Loaded with skin-lovin‚Ä¶ https://t.co/AxngxJWpdS",1047266757084250112,Twitter Web Client,144,12,140
2018-10-02 23:24:14,@dianitalopez So sorry to hear that! Please send us a DM with your order number so we can take a closer look at what happened.  Thank you!,1047266036263804928,Lithium Tech.,0,0,138
2018-10-02 23:22:18,"Things you can get delivered for $10: Pizza, clothes, the best of beauty ‚úîÔ∏è Subscribe to PLAY! by Sephora today for‚Ä¶ https://t.co/UpnrBkw9yH",1047265547153330176,Twitter Web Client,59,7,140
2018-10-02 23:22:08,@thecairazylife We're sorry to hear that! Please send us a DM with your order number so we can help.,1047265504354848768,Lithium Tech.,0,0,100
2018-10-02 23:21:19,@tbaillie We're sorry that your order arrived damaged! Please send us a DM with your order number so we can futher assist.,1047265301711085568,Lithium Tech.,0,0,122
2018-10-02 23:01:30,What‚Äôs your fave fashion month beauty trend ü§îüòç?,1047260313781821440,Twitter Web Client,83,14,47
2018-10-02 22:36:36,@Ms_BSmart Oh no! Sorry to hear about this. Please DM us with your order number so we can look into this for you. Thanks!,1047254048565424128,Lithium Tech.,1,0,121
2018-10-02 22:35:49,@hb_heather Oh no! Please DM us with your order number if you do not receive your order. Thanks! https://t.co/nnX84ITi85,1047253851219222533,Lithium Tech.,0,0,120
2018-10-02 22:34:31,@BrandyMUA You will need to contact Customer Service through the Sephora France site for assistance with this. Thanks!,1047253522708717568,Lithium Tech.,0,0,118
2018-10-02 22:33:46,"@Moonstormer üòä This is the sweetest, thank you for such a lovely comment!",1047253334325751808,Twitter Web Client,0,0,73
2018-10-02 20:49:17,"@payal930 Hi there, please send us a DM with your registered email address for further assistance.",1047227038791168000,Lithium Tech.,0,0,98
2018-10-02 20:48:30,"@ItsSimonna Hi there, We are sorry to hear that. We surprised some of our Beauty Insider members with a special one‚Ä¶ https://t.co/isfQhIiHKL",1047226841574985729,Lithium Tech.,0,0,140
2018-10-02 20:44:51,"@DanielaClawson Hi there, we are sorry to hear this! Please send us a DM with your registered email address and the‚Ä¶ https://t.co/Mb4usmX8Kv",1047225923769004032,Lithium Tech.,0,0,140
2018-10-02 20:40:56,"@karla56783 Hi there, this can not be manually changed. This is a permanent change due to the new privacy laws. We‚Ä¶ https://t.co/mVdC0WptaY",1047224937713295360,Lithium Tech.,0,0,139
2018-10-02 20:38:34,"@The_Lovely_Miss Hi there, we suggest that you try to refresh your app or try using a different device to see if yo‚Ä¶ https://t.co/uzF4L9OqNd",1047224341392371712,Lithium Tech.,0,0,140
2018-10-02 20:35:20,"@karla56783 Hi there, Due to recently enacted data privacy regulations, Sephora clients with an IP addresses based‚Ä¶ https://t.co/fgDeBEMs5K",1047223530633408512,Lithium Tech.,0,0,139
2018-10-02 20:34:16,"@cheekykittty Hi there, this brand is available online only.",1047223260545396736,Lithium Tech.,0,0,60
2018-10-02 20:33:40,"@RebeccaNewbery Hi there, Due to recently enacted data privacy regulations, Sephora clients in the UK and Netherlan‚Ä¶ https://t.co/RHFcHwHT1f",1047223109382635520,Lithium Tech.,0,0,140
2018-10-02 20:15:29,"@TFloralista Hi there, We surprised some of our Beauty Insider members with a special one-time, $15 off $50 discoun‚Ä¶ https://t.co/vRi4jDsWUj",1047218532302249984,Lithium Tech.,0,0,140
2018-10-02 20:11:38,üíöüíõüíô https://t.co/P43WIpxZN2,1047217566471471104,Twitter Web Client,146,11,27
2018-10-02 19:30:09,"@GothamCitySista If you have not received an order within the two-business-day agreement, please send us a DM with your order number!",1047207127125618688,Lithium Tech.,0,0,133
2018-10-02 19:05:47,@ahtuhtu You can still receive it. Please call us at 1-877-SEPHORA before placing your order so that we can help yo‚Ä¶ https://t.co/gQhpLn2NO6,1047200994767978496,Lithium Tech.,2,0,140
2018-10-02 18:56:31,@just_Ali_C I suggest checking out the Sephora Mexico website for more information&gt; https://t.co/B6nYD5Zonh.,1047198660088422400,Lithium Tech.,0,0,111
2018-10-02 18:51:10,@just_Ali_C Please contact the store directly for more information. We do not have insight into Sephora Mexico's store inventory.,1047197315260248064,Lithium Tech.,0,0,129
2018-10-02 18:31:12,@awuillermin We sincerely apologize you receive the incorrect samples! Our website does call out that substitutions‚Ä¶ https://t.co/QxsBQm148I,1047192292048564224,Lithium Tech.,0,0,140
2018-10-02 17:49:30,"@mcmom22 Hi there, the Rouge Reward is available starting at 9 am PST every Tuesday and Thursday in the Rewards Baz‚Ä¶ https://t.co/TXZhDqbmLc",1047181797941891072,Lithium Tech.,0,0,140
2018-10-02 17:46:21,@i_heart_lex Hi there! We are sorry to hear that. We suggest that you contact the store where you purchased the ite‚Ä¶ https://t.co/vXq3Ww06Qe,1047181001128992768,Lithium Tech.,0,0,140
2018-10-02 17:42:51,@brooke_helzer Which of our gift options is the one you're leaning towards? ü•≥,1047180122619559936,Twitter Web Client,2,0,77
2018-10-02 17:12:23,"@stephanyypaola Hello! Yes, the Sephora Collection blushes can be removed from their cases!",1047172456635457536,Lithium Tech.,0,0,91
2018-10-02 16:51:32,üåûüõ°Ô∏è https://t.co/MkTubU52Wo,1047167207149461504,Twitter Web Client,75,2,27
2018-10-02 16:36:05,@Makeupforlove1 New rewards will be available for both US and Canadian clients!,1047163319432359937,Lithium Tech.,0,0,79
2018-10-02 16:28:25,@KimLaCapria You can find the Sephora Collection-Waterproof Triple Action Cleansing Water + Oil on‚Ä¶ https://t.co/0DuSOHE1hj,1047161391474302976,Lithium Tech.,0,0,123
2018-10-02 16:19:20,"@rachyntheniners We apologize, it appears that the GDY is not available on https://t.co/xcM4Fl0jCa.",1047159105754869760,Lithium Tech.,0,0,99
2018-10-02 16:13:22,@rachyntheniners Hi there! Did you try searching with the search bar?,1047157604374302720,Lithium Tech.,0,0,69
2018-10-02 16:12:38,üå∂Ô∏è New picks spicing up the Rewards Bazaar every Tuesday and Thursday: https://t.co/JQcQk8xF8m https://t.co/shOtusRnT8,1047157417589399552,Twitter Web Client,79,10,118
2018-10-02 16:11:41,"@iamthrone Regretfully, we don't have estimated restock dates for these items, at this time. But please be sure to‚Ä¶ https://t.co/zETwxuEMz5",1047157179944300545,Lithium Tech.,0,0,139
2018-10-02 15:28:04,@esalazaar_ We're sorry to hear this!  We'll forward your feedback to the appropriate¬†department for consideration.,1047146203480117248,Lithium Tech.,0,0,115
2018-10-02 15:13:32,@ohcalamityx We recommend contacting your local Sephora store for more information on in-store availability. Thanks!,1047142546911031296,Lithium Tech.,1,0,116
2018-10-02 14:59:02,@iamthrone Can you please reply with the exact name of this lip gloss so we can look into this for you? Thanks!,1047138898067898370,Lithium Tech.,0,0,111
2018-10-02 14:55:24,@iamthrone Some of our clear lip glosses can be found here &gt; https://t.co/81XysrudjE,1047137980236804096,Lithium Tech.,0,0,87
2018-10-02 14:49:40,"@veryhighlybad For more information, we suggest contacting your local Sephora store and request to speak with a Store Director. Thanks!",1047136540667797504,Lithium Tech.,2,0,135
2018-10-02 14:31:21,"@gabbycoomer We're sorry to hear that! Please note, substitutions will be made for out-of-stock samples. If your sa‚Ä¶ https://t.co/3VRpeu2e6M",1047131928543936512,Lithium Tech.,0,0,140
2018-10-02 14:30:37,"@iseepinkelefnts At this time, we are only able to handle inquiries for our U.S. and Canadian websites. Please visi‚Ä¶ https://t.co/usXkt7UDch",1047131746041393153,Lithium Tech.,0,0,140
2018-10-02 14:24:03,@iseepinkelefnts You are welcome to send them an email here &gt; https://t.co/XCxPr5SXUT You may also right click anyw‚Ä¶ https://t.co/ql67B73qiz,1047130091661090817,Lithium Tech.,0,0,143
2018-10-02 14:21:42,"@iseepinkelefnts We're sorry to hear that! For further assistance, please contact Sephora France directly here &gt;‚Ä¶ https://t.co/jGmcYfi0AJ",1047129499664437248,Lithium Tech.,0,0,140
2018-10-02 14:09:34,"@Celiacandthe6ix If you are referring to the personal one-on-one service, this is not free for Rouge members, at this time.",1047126449059033089,Lithium Tech.,0,0,123
2018-10-02 13:33:27,"@Kabelo_Mpe While we do not currently have any stores in South Africa, we are excited to let you know that there ar‚Ä¶ https://t.co/DEcPOqQL0o",1047117360778207232,Lithium Tech.,1,1,140
2018-10-02 13:32:15,"@CharMawdsley Due to recently enacted data privacy regulations, Sephora clients in the UK and Netherlands will now‚Ä¶ https://t.co/MN2Huaw55Y",1047117055986520064,Lithium Tech.,0,0,139
2018-10-02 13:01:51,@JuneAstaMarie Oh no! Please send us a DM with your registered email address and the store you usually shop at so w‚Ä¶ https://t.co/RqZJL2a8d9,1047109406083567616,Lithium Tech.,0,0,140
2018-10-02 12:57:10,@alexisthebb We're sorry to hear that and thank you for bringing this to our attention! We will forward this to our‚Ä¶ https://t.co/QW9IiLf8TR,1047108226020401153,Lithium Tech.,1,0,140
2018-10-02 12:55:29,@_michellewest We're sorry we're unable to modify an order once it has been placed. But we may be able to cancel it‚Ä¶ https://t.co/KxG8P4M2U0,1047107805931401216,Lithium Tech.,0,0,140
2018-10-02 02:20:43,"@allie_denton Hi there! We're sorry to hear this. If any assistance is needed with an order, we invite the purchase‚Ä¶ https://t.co/aNQjvtSaLx",1046948060734009344,Lithium Tech.,0,0,140
2018-10-02 02:14:41,"@Urbanbeauty227 Hi there, we are sorry to hear this and we appreciate your feedback. If there are any issues with a‚Ä¶ https://t.co/ykvb3NncrC",1046946540697182208,Lithium Tech.,0,0,140
2018-10-02 02:00:24,@tinyumji Hi there! Please send us a DM with your order number so we may take a look further. Thank you!,1046942947353145345,Lithium Tech.,0,0,104
2018-10-02 01:45:22,"@Urbanbeauty227 Hi there, we're sorry to hear this and we appreciate your feedback. Please refer to the print out y‚Ä¶ https://t.co/QJ3TuCJQZX",1046939163252076550,Lithium Tech.,0,0,140
2018-10-02 01:41:51,"@TheMegnar Hi there, we invite you to share your inquiry with us via DM. Thank you!",1046938278258126848,Lithium Tech.,0,0,83
2018-10-02 00:51:01,"@illybels Sorry to hear that! If you need assistance with an order, please DM us your order number so we can help. https://t.co/nnX84ITi85",1046925486595563520,Lithium Tech.,0,0,138
2018-10-01 23:59:40,@_lindaaaxo Hi there! Please send us a DM with the email address on your account and your phone number so we can help!,1046912564293132288,Lithium Tech.,1,0,118
2018-10-01 23:42:33,"@CyndyPan We're sorry that your package arrived in that condition! If anything inside is damaged, please send us a DM!",1046908254427598848,Lithium Tech.,0,0,118
2018-10-01 23:28:05,@alexiacapitina We're sorry to hear that! Please send us a DM with your order number so we can further assist.,1046904614363181056,Lithium Tech.,0,0,110
